/*
 Navicat Premium Data Transfer

 Source Server         : local_mysql
 Source Server Type    : MySQL
 Source Server Version : 50720
 Source Host           : localhost
 Source Database       : microservice_sso

 Target Server Type    : MySQL
 Target Server Version : 50720
 File Encoding         : utf-8

 Date: 03/12/2020 21:50:04 PM
*/

SET NAMES utf8mb4;
SET FOREIGN_KEY_CHECKS = 0;

-- ----------------------------
--  Table structure for `oauth_access_token`
-- ----------------------------
DROP TABLE IF EXISTS `oauth_access_token`;
CREATE TABLE `oauth_access_token` (
  `token_id` varchar(256) CHARACTER SET utf8 DEFAULT NULL,
  `token` blob,
  `authentication_id` varchar(128) CHARACTER SET utf8 NOT NULL,
  `user_name` varchar(256) CHARACTER SET utf8 DEFAULT NULL,
  `client_id` varchar(256) CHARACTER SET utf8 DEFAULT NULL,
  `authentication` blob,
  `refresh_token` varchar(256) CHARACTER SET utf8 DEFAULT NULL,
  PRIMARY KEY (`authentication_id`)
) ENGINE=InnoDB DEFAULT CHARSET=utf8 COLLATE=utf8_bin;

-- ----------------------------
--  Records of `oauth_access_token`
-- ----------------------------
BEGIN;
INSERT INTO `oauth_access_token` VALUES ('63f4b2b1607f5687192afeca01d2c455', 0xaced0005737200436f72672e737072696e676672616d65776f726b2e73656375726974792e6f61757468322e636f6d6d6f6e2e44656661756c744f4175746832416363657373546f6b656e0cb29e361b24face0200064c00156164646974696f6e616c496e666f726d6174696f6e74000f4c6a6176612f7574696c2f4d61703b4c000a65787069726174696f6e7400104c6a6176612f7574696c2f446174653b4c000c72656672657368546f6b656e74003f4c6f72672f737072696e676672616d65776f726b2f73656375726974792f6f61757468322f636f6d6d6f6e2f4f417574683252656672657368546f6b656e3b4c000573636f706574000f4c6a6176612f7574696c2f5365743b4c0009746f6b656e547970657400124c6a6176612f6c616e672f537472696e673b4c000576616c756571007e00057870737200176a6176612e7574696c2e4c696e6b6564486173684d617034c04e5c106cc0fb0200015a000b6163636573734f72646572787200116a6176612e7574696c2e486173684d61700507dac1c31660d103000246000a6c6f6164466163746f724900097468726573686f6c6478703f4000000000000c770800000010000000017400036a746974002432626539636261392d373030392d346234312d623137342d65333436326466333566306578007372000e6a6176612e7574696c2e44617465686a81014b597419030000787077080000016a051c20ca7870737200256a6176612e7574696c2e436f6c6c656374696f6e7324556e6d6f6469666961626c65536574801d92d18f9b80550200007872002c6a6176612e7574696c2e436f6c6c656374696f6e7324556e6d6f6469666961626c65436f6c6c656374696f6e19420080cb5ef71e0200014c0001637400164c6a6176612f7574696c2f436f6c6c656374696f6e3b7870737200176a6176612e7574696c2e4c696e6b656448617368536574d86cd75a95dd2a1e020000787200116a6176612e7574696c2e48617368536574ba44859596b8b7340300007870770c000000023f40000000000001740003617070787400066265617265727400f765794a68624763694f694a49557a49314e694973496e523563434936496b705856434a392e65794a6c654841694f6a45314e5451344e6a4d344f544173496e567a5a584a66626d46745a534936496e706f5957356e6332467549697769616e5270496a6f694d6d4a6c4f574e6959546b744e7a41774f533030596a51784c5749784e7a51745a544d304e6a4a6b5a6a4d315a6a426c49697769593278705a57353058326c6b496a6f69593278705a5735304d534973496e4e6a6233426c496a7062496d467763434a6466512e3837314e6246786c4a5865776361776a34704b7a4c385133347545383232546e744a6e7444783369376251, '47fc853712baeb6550cf6effd20e1abd', 'zhangsan', 'client1', 0xaced0005737200416f72672e737072696e676672616d65776f726b2e73656375726974792e6f61757468322e70726f76696465722e4f417574683241757468656e7469636174696f6ebd400b02166252130200024c000d73746f7265645265717565737474003c4c6f72672f737072696e676672616d65776f726b2f73656375726974792f6f61757468322f70726f76696465722f4f4175746832526571756573743b4c00127573657241757468656e7469636174696f6e7400324c6f72672f737072696e676672616d65776f726b2f73656375726974792f636f72652f41757468656e7469636174696f6e3b787200476f72672e737072696e676672616d65776f726b2e73656375726974792e61757468656e7469636174696f6e2e416273747261637441757468656e7469636174696f6e546f6b656ed3aa287e6e47640e0200035a000d61757468656e746963617465644c000b617574686f7269746965737400164c6a6176612f7574696c2f436f6c6c656374696f6e3b4c000764657461696c737400124c6a6176612f6c616e672f4f626a6563743b787000737200266a6176612e7574696c2e436f6c6c656374696f6e7324556e6d6f6469666961626c654c697374fc0f2531b5ec8e100200014c00046c6973747400104c6a6176612f7574696c2f4c6973743b7872002c6a6176612e7574696c2e436f6c6c656374696f6e7324556e6d6f6469666961626c65436f6c6c656374696f6e19420080cb5ef71e0200014c00016371007e00047870737200136a6176612e7574696c2e41727261794c6973747881d21d99c7619d03000149000473697a657870000000007704000000007871007e000c707372003a6f72672e737072696e676672616d65776f726b2e73656375726974792e6f61757468322e70726f76696465722e4f41757468325265717565737400000000000000010200075a0008617070726f7665644c000b617574686f72697469657371007e00044c000a657874656e73696f6e7374000f4c6a6176612f7574696c2f4d61703b4c000b72656469726563745572697400124c6a6176612f6c616e672f537472696e673b4c00077265667265736874003b4c6f72672f737072696e676672616d65776f726b2f73656375726974792f6f61757468322f70726f76696465722f546f6b656e526571756573743b4c000b7265736f7572636549647374000f4c6a6176612f7574696c2f5365743b4c000d726573706f6e7365547970657371007e0011787200386f72672e737072696e676672616d65776f726b2e73656375726974792e6f61757468322e70726f76696465722e426173655265717565737436287a3ea37169bd0200034c0008636c69656e74496471007e000f4c001172657175657374506172616d657465727371007e000e4c000573636f706571007e00117870740007636c69656e7431737200256a6176612e7574696c2e436f6c6c656374696f6e7324556e6d6f6469666961626c654d6170f1a5a8fe74f507420200014c00016d71007e000e7870737200116a6176612e7574696c2e486173684d61700507dac1c31660d103000246000a6c6f6164466163746f724900097468726573686f6c6478703f4000000000000c77080000001000000006740004636f646574000679587038374d74000a6772616e745f74797065740012617574686f72697a6174696f6e5f636f646574000d726573706f6e73655f74797065740004636f646574000c72656469726563745f75726974001b687474703a2f2f6c6f63616c686f73743a383038302f6c6f67696e7400057374617465740006476359484737740009636c69656e745f696471007e001478737200256a6176612e7574696c2e436f6c6c656374696f6e7324556e6d6f6469666961626c65536574801d92d18f9b80550200007871007e0009737200176a6176612e7574696c2e4c696e6b656448617368536574d86cd75a95dd2a1e020000787200116a6176612e7574696c2e48617368536574ba44859596b8b7340300007870770c000000103f4000000000000174000361707078017371007e0027770c000000103f40000000000000787371007e00173f40000000000000770800000010000000007874001b687474703a2f2f6c6f63616c686f73743a383038302f6c6f67696e707371007e0027770c000000103f40000000000000787371007e0027770c000000103f4000000000000171007e001e787372004f6f72672e737072696e676672616d65776f726b2e73656375726974792e61757468656e7469636174696f6e2e557365726e616d6550617373776f726441757468656e7469636174696f6e546f6b656e00000000000001f40200024c000b63726564656e7469616c7371007e00054c00097072696e636970616c71007e00057871007e0003017371007e00077371007e000b000000007704000000007871007e0032737200486f72672e737072696e676672616d65776f726b2e73656375726974792e7765622e61757468656e7469636174696f6e2e57656241757468656e7469636174696f6e44657461696c7300000000000001f40200024c000d72656d6f74654164647265737371007e000f4c000973657373696f6e496471007e000f787074000f303a303a303a303a303a303a303a31740020354143334636413131423642423645323145344542304532314532434143453970737200326f72672e737072696e676672616d65776f726b2e73656375726974792e636f72652e7573657264657461696c732e5573657200000000000001f40200075a00116163636f756e744e6f6e457870697265645a00106163636f756e744e6f6e4c6f636b65645a001563726564656e7469616c734e6f6e457870697265645a0007656e61626c65644c000b617574686f72697469657371007e00114c000870617373776f726471007e000f4c0008757365726e616d6571007e000f7870010101017371007e0024737200116a6176612e7574696c2e54726565536574dd98509395ed875b0300007870737200466f72672e737072696e676672616d65776f726b2e73656375726974792e636f72652e7573657264657461696c732e5573657224417574686f72697479436f6d70617261746f7200000000000001f4020000787077040000000078707400087a68616e6773616e, null), ('b22a96826065f1d766a387dab5421c72', 0xaced0005737200436f72672e737072696e676672616d65776f726b2e73656375726974792e6f61757468322e636f6d6d6f6e2e44656661756c744f4175746832416363657373546f6b656e0cb29e361b24face0200064c00156164646974696f6e616c496e666f726d6174696f6e74000f4c6a6176612f7574696c2f4d61703b4c000a65787069726174696f6e7400104c6a6176612f7574696c2f446174653b4c000c72656672657368546f6b656e74003f4c6f72672f737072696e676672616d65776f726b2f73656375726974792f6f61757468322f636f6d6d6f6e2f4f417574683252656672657368546f6b656e3b4c000573636f706574000f4c6a6176612f7574696c2f5365743b4c0009746f6b656e547970657400124c6a6176612f6c616e672f537472696e673b4c000576616c756571007e000578707372001e6a6176612e7574696c2e436f6c6c656374696f6e7324456d7074794d6170593614855adce7d002000078707372000e6a6176612e7574696c2e44617465686a81014b5974190300007870770800000165368930387870737200256a6176612e7574696c2e436f6c6c656374696f6e7324556e6d6f6469666961626c65536574801d92d18f9b80550200007872002c6a6176612e7574696c2e436f6c6c656374696f6e7324556e6d6f6469666961626c65436f6c6c656374696f6e19420080cb5ef71e0200014c0001637400164c6a6176612f7574696c2f436f6c6c656374696f6e3b7870737200176a6176612e7574696c2e4c696e6b656448617368536574d86cd75a95dd2a1e020000787200116a6176612e7574696c2e48617368536574ba44859596b8b7340300007870770c000000103f400000000000017400036170707874000662656172657274002434613732633633382d643131392d346263642d626163332d613930666136656231393761, '4fc22277cc4e335186985f7ed7511b9d', 'client', 'client', 0xaced0005737200416f72672e737072696e676672616d65776f726b2e73656375726974792e6f61757468322e70726f76696465722e4f417574683241757468656e7469636174696f6ebd400b02166252130200024c000d73746f7265645265717565737474003c4c6f72672f737072696e676672616d65776f726b2f73656375726974792f6f61757468322f70726f76696465722f4f4175746832526571756573743b4c00127573657241757468656e7469636174696f6e7400324c6f72672f737072696e676672616d65776f726b2f73656375726974792f636f72652f41757468656e7469636174696f6e3b787200476f72672e737072696e676672616d65776f726b2e73656375726974792e61757468656e7469636174696f6e2e416273747261637441757468656e7469636174696f6e546f6b656ed3aa287e6e47640e0200035a000d61757468656e746963617465644c000b617574686f7269746965737400164c6a6176612f7574696c2f436f6c6c656374696f6e3b4c000764657461696c737400124c6a6176612f6c616e672f4f626a6563743b787000737200266a6176612e7574696c2e436f6c6c656374696f6e7324556e6d6f6469666961626c654c697374fc0f2531b5ec8e100200014c00046c6973747400104c6a6176612f7574696c2f4c6973743b7872002c6a6176612e7574696c2e436f6c6c656374696f6e7324556e6d6f6469666961626c65436f6c6c656374696f6e19420080cb5ef71e0200014c00016371007e00047870737200136a6176612e7574696c2e41727261794c6973747881d21d99c7619d03000149000473697a657870000000007704000000007871007e000c707372003a6f72672e737072696e676672616d65776f726b2e73656375726974792e6f61757468322e70726f76696465722e4f41757468325265717565737400000000000000010200075a0008617070726f7665644c000b617574686f72697469657371007e00044c000a657874656e73696f6e7374000f4c6a6176612f7574696c2f4d61703b4c000b72656469726563745572697400124c6a6176612f6c616e672f537472696e673b4c00077265667265736874003b4c6f72672f737072696e676672616d65776f726b2f73656375726974792f6f61757468322f70726f76696465722f546f6b656e526571756573743b4c000b7265736f7572636549647374000f4c6a6176612f7574696c2f5365743b4c000d726573706f6e7365547970657371007e0011787200386f72672e737072696e676672616d65776f726b2e73656375726974792e6f61757468322e70726f76696465722e426173655265717565737436287a3ea37169bd0200034c0008636c69656e74496471007e000f4c001172657175657374506172616d657465727371007e000e4c000573636f706571007e00117870740006636c69656e74737200256a6176612e7574696c2e436f6c6c656374696f6e7324556e6d6f6469666961626c654d6170f1a5a8fe74f507420200014c00016d71007e000e7870737200116a6176612e7574696c2e486173684d61700507dac1c31660d103000246000a6c6f6164466163746f724900097468726573686f6c6478703f4000000000000c77080000001000000006740004636f646574000637584d6d797174000a6772616e745f74797065740012617574686f72697a6174696f6e5f636f646574000d726573706f6e73655f74797065740004636f646574000d636c69656e745f73656372657474000673656372657474000c72656469726563745f757269740014687474703a2f2f7777772e62616964752e636f6d740009636c69656e745f696471007e001478737200256a6176612e7574696c2e436f6c6c656374696f6e7324556e6d6f6469666961626c65536574801d92d18f9b80550200007871007e0009737200176a6176612e7574696c2e4c696e6b656448617368536574d86cd75a95dd2a1e020000787200116a6176612e7574696c2e48617368536574ba44859596b8b7340300007870770c000000103f4000000000000174000361707078017371007e0027770c000000103f40000000000000787371007e00173f400000000000007708000000100000000078740014687474703a2f2f7777772e62616964752e636f6d707371007e0027770c000000103f40000000000000787371007e0027770c000000103f4000000000000171007e001e787372004f6f72672e737072696e676672616d65776f726b2e73656375726974792e61757468656e7469636174696f6e2e557365726e616d6550617373776f726441757468656e7469636174696f6e546f6b656e00000000000001a40200024c000b63726564656e7469616c7371007e00054c00097072696e636970616c71007e00057871007e0003017371007e00077371007e000b000000007704000000007871007e0032737200486f72672e737072696e676672616d65776f726b2e73656375726974792e7765622e61757468656e7469636174696f6e2e57656241757468656e7469636174696f6e44657461696c7300000000000001a40200024c000d72656d6f74654164647265737371007e000f4c000973657373696f6e496471007e000f787074000f303a303a303a303a303a303a303a317070740006636c69656e74, null), ('d47ca2a1330eca0d5f817d9ab8e4c72a', 0xaced0005737200436f72672e737072696e676672616d65776f726b2e73656375726974792e6f61757468322e636f6d6d6f6e2e44656661756c744f4175746832416363657373546f6b656e0cb29e361b24face0200064c00156164646974696f6e616c496e666f726d6174696f6e74000f4c6a6176612f7574696c2f4d61703b4c000a65787069726174696f6e7400104c6a6176612f7574696c2f446174653b4c000c72656672657368546f6b656e74003f4c6f72672f737072696e676672616d65776f726b2f73656375726974792f6f61757468322f636f6d6d6f6e2f4f417574683252656672657368546f6b656e3b4c000573636f706574000f4c6a6176612f7574696c2f5365743b4c0009746f6b656e547970657400124c6a6176612f6c616e672f537472696e673b4c000576616c756571007e00057870737200176a6176612e7574696c2e4c696e6b6564486173684d617034c04e5c106cc0fb0200015a000b6163636573734f72646572787200116a6176612e7574696c2e486173684d61700507dac1c31660d103000246000a6c6f6164466163746f724900097468726573686f6c6478703f4000000000000c770800000010000000017400036a746974002437633463613730392d326361632d346136632d383966612d33353164346330653035383778007372000e6a6176612e7574696c2e44617465686a81014b597419030000787077080000016a051b2c7a7870737200256a6176612e7574696c2e436f6c6c656374696f6e7324556e6d6f6469666961626c65536574801d92d18f9b80550200007872002c6a6176612e7574696c2e436f6c6c656374696f6e7324556e6d6f6469666961626c65436f6c6c656374696f6e19420080cb5ef71e0200014c0001637400164c6a6176612f7574696c2f436f6c6c656374696f6e3b7870737200176a6176612e7574696c2e4c696e6b656448617368536574d86cd75a95dd2a1e020000787200116a6176612e7574696c2e48617368536574ba44859596b8b7340300007870770c000000023f40000000000001740003617070787400066265617265727400f765794a68624763694f694a49557a49314e694973496e523563434936496b705856434a392e65794a6c654841694f6a45314e5451344e6a4d344d6a6773496e567a5a584a66626d46745a534936496e706f5957356e6332467549697769616e5270496a6f694e324d30593245334d446b744d6d4e685979303059545a6a4c5467355a6d45744d7a55785a44526a4d4755774e54673349697769593278705a57353058326c6b496a6f69593278705a5735304d694973496e4e6a6233426c496a7062496d467763434a6466512e4a47754f51415a56694b5353744143486359745359526a734c4c61686d676b2d7745422d695a577271346f, 'a2dce2b86118ed09ba726fad6f36e40b', 'zhangsan', 'client2', 0xaced0005737200416f72672e737072696e676672616d65776f726b2e73656375726974792e6f61757468322e70726f76696465722e4f417574683241757468656e7469636174696f6ebd400b02166252130200024c000d73746f7265645265717565737474003c4c6f72672f737072696e676672616d65776f726b2f73656375726974792f6f61757468322f70726f76696465722f4f4175746832526571756573743b4c00127573657241757468656e7469636174696f6e7400324c6f72672f737072696e676672616d65776f726b2f73656375726974792f636f72652f41757468656e7469636174696f6e3b787200476f72672e737072696e676672616d65776f726b2e73656375726974792e61757468656e7469636174696f6e2e416273747261637441757468656e7469636174696f6e546f6b656ed3aa287e6e47640e0200035a000d61757468656e746963617465644c000b617574686f7269746965737400164c6a6176612f7574696c2f436f6c6c656374696f6e3b4c000764657461696c737400124c6a6176612f6c616e672f4f626a6563743b787000737200266a6176612e7574696c2e436f6c6c656374696f6e7324556e6d6f6469666961626c654c697374fc0f2531b5ec8e100200014c00046c6973747400104c6a6176612f7574696c2f4c6973743b7872002c6a6176612e7574696c2e436f6c6c656374696f6e7324556e6d6f6469666961626c65436f6c6c656374696f6e19420080cb5ef71e0200014c00016371007e00047870737200136a6176612e7574696c2e41727261794c6973747881d21d99c7619d03000149000473697a657870000000007704000000007871007e000c707372003a6f72672e737072696e676672616d65776f726b2e73656375726974792e6f61757468322e70726f76696465722e4f41757468325265717565737400000000000000010200075a0008617070726f7665644c000b617574686f72697469657371007e00044c000a657874656e73696f6e7374000f4c6a6176612f7574696c2f4d61703b4c000b72656469726563745572697400124c6a6176612f6c616e672f537472696e673b4c00077265667265736874003b4c6f72672f737072696e676672616d65776f726b2f73656375726974792f6f61757468322f70726f76696465722f546f6b656e526571756573743b4c000b7265736f7572636549647374000f4c6a6176612f7574696c2f5365743b4c000d726573706f6e7365547970657371007e0011787200386f72672e737072696e676672616d65776f726b2e73656375726974792e6f61757468322e70726f76696465722e426173655265717565737436287a3ea37169bd0200034c0008636c69656e74496471007e000f4c001172657175657374506172616d657465727371007e000e4c000573636f706571007e00117870740007636c69656e7432737200256a6176612e7574696c2e436f6c6c656374696f6e7324556e6d6f6469666961626c654d6170f1a5a8fe74f507420200014c00016d71007e000e7870737200116a6176612e7574696c2e486173684d61700507dac1c31660d103000246000a6c6f6164466163746f724900097468726573686f6c6478703f4000000000000c77080000001000000006740004636f6465740006676d5a62577674000a6772616e745f74797065740012617574686f72697a6174696f6e5f636f646574000d726573706f6e73655f74797065740004636f646574000c72656469726563745f75726974001b687474703a2f2f6c6f63616c686f73743a383038312f6c6f67696e7400057374617465740006634f69584535740009636c69656e745f696471007e001478737200256a6176612e7574696c2e436f6c6c656374696f6e7324556e6d6f6469666961626c65536574801d92d18f9b80550200007871007e0009737200176a6176612e7574696c2e4c696e6b656448617368536574d86cd75a95dd2a1e020000787200116a6176612e7574696c2e48617368536574ba44859596b8b7340300007870770c000000103f4000000000000174000361707078017371007e0027770c000000103f40000000000000787371007e00173f40000000000000770800000010000000007874001b687474703a2f2f6c6f63616c686f73743a383038312f6c6f67696e707371007e0027770c000000103f40000000000000787371007e0027770c000000103f4000000000000171007e001e787372004f6f72672e737072696e676672616d65776f726b2e73656375726974792e61757468656e7469636174696f6e2e557365726e616d6550617373776f726441757468656e7469636174696f6e546f6b656e00000000000001f40200024c000b63726564656e7469616c7371007e00054c00097072696e636970616c71007e00057871007e0003017371007e00077371007e000b000000007704000000007871007e0032737200486f72672e737072696e676672616d65776f726b2e73656375726974792e7765622e61757468656e7469636174696f6e2e57656241757468656e7469636174696f6e44657461696c7300000000000001f40200024c000d72656d6f74654164647265737371007e000f4c000973657373696f6e496471007e000f787074000f303a303a303a303a303a303a303a31740020354143334636413131423642423645323145344542304532314532434143453970737200326f72672e737072696e676672616d65776f726b2e73656375726974792e636f72652e7573657264657461696c732e5573657200000000000001f40200075a00116163636f756e744e6f6e457870697265645a00106163636f756e744e6f6e4c6f636b65645a001563726564656e7469616c734e6f6e457870697265645a0007656e61626c65644c000b617574686f72697469657371007e00114c000870617373776f726471007e000f4c0008757365726e616d6571007e000f7870010101017371007e0024737200116a6176612e7574696c2e54726565536574dd98509395ed875b0300007870737200466f72672e737072696e676672616d65776f726b2e73656375726974792e636f72652e7573657264657461696c732e5573657224417574686f72697479436f6d70617261746f7200000000000001f4020000787077040000000078707400087a68616e6773616e, null);
COMMIT;

-- ----------------------------
--  Table structure for `oauth_approvals`
-- ----------------------------
DROP TABLE IF EXISTS `oauth_approvals`;
CREATE TABLE `oauth_approvals` (
  `userId` varchar(256) CHARACTER SET utf8 DEFAULT NULL,
  `clientId` varchar(256) CHARACTER SET utf8 DEFAULT NULL,
  `scope` varchar(256) CHARACTER SET utf8 DEFAULT NULL,
  `status` varchar(10) CHARACTER SET utf8 DEFAULT NULL,
  `expiresAt` datetime DEFAULT NULL,
  `lastModifiedAt` datetime DEFAULT NULL
) ENGINE=InnoDB DEFAULT CHARSET=utf8 COLLATE=utf8_bin;

-- ----------------------------
--  Table structure for `oauth_client_details`
-- ----------------------------
DROP TABLE IF EXISTS `oauth_client_details`;
CREATE TABLE `oauth_client_details` (
  `client_id` varchar(256) COLLATE utf8_bin NOT NULL,
  `resource_ids` varchar(256) COLLATE utf8_bin DEFAULT NULL,
  `client_secret` varchar(256) COLLATE utf8_bin DEFAULT NULL,
  `scope` varchar(256) COLLATE utf8_bin DEFAULT NULL,
  `authorized_grant_types` varchar(256) COLLATE utf8_bin DEFAULT NULL,
  `web_server_redirect_uri` varchar(256) COLLATE utf8_bin DEFAULT NULL,
  `authorities` varchar(256) COLLATE utf8_bin DEFAULT NULL,
  `access_token_validity` int(11) DEFAULT NULL,
  `refresh_token_validity` int(11) DEFAULT NULL,
  `additional_information` varchar(4096) COLLATE utf8_bin DEFAULT NULL,
  `autoapprove` varchar(256) COLLATE utf8_bin DEFAULT NULL,
  PRIMARY KEY (`client_id`)
) ENGINE=InnoDB DEFAULT CHARSET=utf8 COLLATE=utf8_bin;

-- ----------------------------
--  Records of `oauth_client_details`
-- ----------------------------
BEGIN;
INSERT INTO `oauth_client_details` VALUES ('client1', null, '$2a$10$PVpRZmG0VgJm1y9EIrUFHOLXC8Ex4VdRrsqF0w5HjH/TMpYEsyYxS', 'all,read,write', 'authorization_code,password,refresh_token', 'http://localhost:8080', null, '3600', null, null, 'true'), ('client2', null, '$2a$10$98OXZLstycKDgM2pVs8/qOAgm9pbcPIRUQvalbGjyKs.Nus5Ho05y', 'all,read,write', 'authorization_code,password,refresh_token', 'http://localhost:8081', null, '3600', null, null, 'true'), ('filecenter', null, '$2a$10$m8iTyTGcVK3BtvCNJ9spp.4mILBDeHLQ29quG5noeZw/Db6hN47/G', 'all,read,write', 'authorization_code,password,refresh_token', 'http://localhost:6060', null, '3600', null, null, 'true'), ('mall', null, '$2a$10$T/3v4uK5c0yZ7qdMjhRlCOTrysmI7JnH.wG2f4Z2maYoOpTrALodG', 'all,read,write', 'authorization_code,password,refresh_token', 'http://localhost:12000', null, '3600', null, null, 'true'), ('system', null, '$2a$10$iNCJauVSMEDdXUgNlHl3buDLjyprKwTZShWFA3IOSW2LSEObbUsoW', 'all,read,write', 'authorization_code,password,refresh_token', 'http://localhost:11000', null, '3600', null, null, 'true'), ('thirdpart', null, '$2a$10$teIxmpTDGYqPgUzaGOUWjOXwiqKgvZVCXNtDv6mkzIhjgHYioT8pC', 'all,read,write', 'authorization_code,password,refresh_token', 'http://localhost:13000', null, '3600', null, null, 'true');
COMMIT;

-- ----------------------------
--  Table structure for `oauth_client_token`
-- ----------------------------
DROP TABLE IF EXISTS `oauth_client_token`;
CREATE TABLE `oauth_client_token` (
  `token_id` varchar(256) CHARACTER SET utf8 DEFAULT NULL,
  `token` blob,
  `authentication_id` varchar(128) CHARACTER SET utf8 NOT NULL,
  `user_name` varchar(256) CHARACTER SET utf8 DEFAULT NULL,
  `client_id` varchar(256) CHARACTER SET utf8 DEFAULT NULL,
  PRIMARY KEY (`authentication_id`)
) ENGINE=InnoDB DEFAULT CHARSET=utf8 COLLATE=utf8_bin;

-- ----------------------------
--  Table structure for `oauth_code`
-- ----------------------------
DROP TABLE IF EXISTS `oauth_code`;
CREATE TABLE `oauth_code` (
  `code` varchar(256) CHARACTER SET utf8 DEFAULT NULL,
  `authentication` blob
) ENGINE=InnoDB DEFAULT CHARSET=utf8 COLLATE=utf8_bin;

-- ----------------------------
--  Table structure for `oauth_refresh_token`
-- ----------------------------
DROP TABLE IF EXISTS `oauth_refresh_token`;
CREATE TABLE `oauth_refresh_token` (
  `token_id` varchar(256) CHARACTER SET utf8 DEFAULT NULL,
  `token` blob,
  `authentication` blob
) ENGINE=InnoDB DEFAULT CHARSET=utf8 COLLATE=utf8_bin;

-- ----------------------------
--  Table structure for `sys_resource`
-- ----------------------------
DROP TABLE IF EXISTS `sys_resource`;
CREATE TABLE `sys_resource` (
  `resource_id` varchar(19) COLLATE utf8_bin NOT NULL COMMENT '资源id',
  `delete_status` int(2) DEFAULT NULL COMMENT '删除标示(1:已删除,2:未删除)',
  `description` varchar(255) COLLATE utf8_bin DEFAULT NULL COMMENT '描述',
  `icon` varchar(64) COLLATE utf8_bin DEFAULT NULL COMMENT '图标',
  `hide` int(2) DEFAULT NULL COMMENT '隐藏标示(1:隐藏,2:显示)',
  `rank` varchar(255) COLLATE utf8_bin DEFAULT NULL COMMENT '级别',
  `parent_id` bigint(15) DEFAULT NULL COMMENT '父级id',
  `resource_code` varchar(64) COLLATE utf8_bin DEFAULT NULL COMMENT '资源编码',
  `resource_name` varchar(64) COLLATE utf8_bin DEFAULT NULL COMMENT '资源名称',
  `resource_url` varchar(255) COLLATE utf8_bin DEFAULT NULL COMMENT '资源URL',
  `type` varchar(64) COLLATE utf8_bin DEFAULT NULL COMMENT 'http请求类型',
  `create_time` bigint(13) DEFAULT NULL COMMENT '创建时间',
  `sort_number` int(6) DEFAULT NULL COMMENT '排序号',
  PRIMARY KEY (`resource_id`)
) ENGINE=InnoDB DEFAULT CHARSET=utf8 COLLATE=utf8_bin COMMENT='资源信息';

-- ----------------------------
--  Records of `sys_resource`
-- ----------------------------
BEGIN;
INSERT INTO `sys_resource` VALUES ('101', null, '基础系统管理平台', 'fa-desktop', '2', '1', null, 'system', '系统管理', 'system', 'GET', '1546611602000', null), ('101001', null, null, 'fa-desktop', '2', '2', null, 'system:user:page', '用户管理', '/v1/system/user/page', 'GET', '1546611602000', null), ('101001001', null, '', 'fa-desktop', '2', '3', null, 'system:user:add', '新增用户', '/v1/system/user', 'POST', '1546611602000', null), ('101001002', null, '', 'fa-desktop', '2', '3', null, 'system:user:edit', '修改用户', '/v1/system/user', 'PUT', '1546611602000', null), ('101001003', null, '', 'fa-desktop', '2', '3', null, 'system:user:delete', '用户删除', '/v1/system/user/', 'DELETE', '1546611602000', null), ('101001004', null, '', 'fa-desktop', '2', '3', null, 'system:user:authorization', '用户授权', '/v1/system/user/authorization', 'POST', '1546611602000', null), ('101002', null, '组管理', 'fa-list', '2', '2', null, 'system:role:page', '角色管理', '/v1/system/role/page', 'GET', '1546611602000', null), ('101002001', null, '', 'fa-desktop', '2', '3', null, 'system:role:add', '新增角色', '/v1/system/role', 'POST', '1546611602000', null), ('101002002', null, '', 'fa-desktop', '2', '3', null, 'system:role:edit', '修改角色', '/v1/system/role', 'PUT', '1546611602000', null), ('101002003', null, '', 'fa-desktop', '2', '3', null, 'system:role:delete', '角色删除', '/v1/system/role', 'DELETE', '1546611602000', null), ('101002004', null, '', 'fa-desktop', '2', '3', null, 'system:role:authorization', '角色授权', '/v1/system/role/authorization', 'POST', '1546611602000', null), ('101003', null, '功能菜单管理', 'fa-list-alt', '2', '2', null, 'system:resource:page', '资源管理', '/v1/system/resource/page', 'GET', '1546611602000', null), ('101003001', null, '', 'fa-desktop', '2', '3', null, 'system:resource:add', '新增菜单资源', '/v1/system/resource', 'POST', '1546611602000', null), ('101003002', null, '', 'fa-desktop', '2', '3', null, 'system:resource:edit', '修改菜单资源', '/v1/system/resource', 'PUT', '1546611602000', null), ('101003003', null, '', 'fa-desktop', '2', '3', null, 'system:resource:delete', '删除菜单资源', '/v1/system/resource', 'DELETE', '1546611602000', null), ('102', null, '业务管理', 'large_chart', '2', '1', null, 'business', '商城管理', 'business', 'GET', '1546611602000', null), ('102001', null, '商品管理', 'large_chart', '2', '2', null, 'mall:goods:page', '商品管理', '/v1/mall/goods/page', 'GET', '1546611602000', null), ('102001001', null, '', 'fa-desktop', '2', '3', null, 'business:contract:add', '新增商品', '/v1/mall/goods/contract', 'POST', '1546611602000', null), ('102001002', null, '', 'fa-desktop', '2', '3', null, 'business:contract:editUI', '编辑商品', '/v1/mall/goods', 'PUT', '1546611602000', null), ('102001003', null, 'aaa', 'fa-desktop', '2', '3', null, 'business:contract:delete', '商品删除', '/v1/mall/goods', 'DELETE', '1546611602000', null), ('103', null, '系统监控管理', 'fa-tag', '2', '1', null, 'monitor', '系统监控', 'monitor', 'GET', '1546611602000', null), ('103001', null, '实时监控', 'fa-desktop', '2', '2', null, 'monitor:realtime:page', '实时监控', '/v1/monitor/realtime/page', 'GET', '1546611602000', null), ('103002', null, '告警列表', 'fa-desktop', '2', '2', null, 'monitor:warn:page', '告警列表', '/v1/monitor/warn/page', 'GET', '1546611602000', null), ('104', null, '服务链路监控', 'fa-desktop', '2', '1', null, 'tracker', '链路监控', 'tracker', 'GET', '1546611602000', null), ('104001', null, '链路监控详情', 'fa-desktop', '2', '2', null, 'tracker:detail:page', '链路详情', '/v1/tracker/detail/page', 'GET', '1546611602000', null), ('275292708930560', '1', '1', null, '2', null, null, '1', '1', null, null, '1557675510726', null);
COMMIT;

-- ----------------------------
--  Table structure for `sys_role`
-- ----------------------------
DROP TABLE IF EXISTS `sys_role`;
CREATE TABLE `sys_role` (
  `role_id` varchar(19) COLLATE utf8_bin NOT NULL,
  `role_name` varchar(64) COLLATE utf8_bin DEFAULT NULL,
  `role_code` varchar(64) COLLATE utf8_bin DEFAULT NULL,
  `description` varchar(255) COLLATE utf8_bin DEFAULT NULL,
  `locked` int(2) DEFAULT NULL,
  `delete_status` int(2) DEFAULT NULL,
  `create_time` bigint(13) DEFAULT NULL COMMENT '创建时间',
  `tenant_id` varchar(19) COLLATE utf8_bin DEFAULT NULL COMMENT '租户id',
  PRIMARY KEY (`role_id`),
  KEY `index_role_rolename` (`role_name`),
  KEY `index_role_rolecode` (`role_code`)
) ENGINE=InnoDB DEFAULT CHARSET=utf8 COLLATE=utf8_bin COMMENT='岗位信息';

-- ----------------------------
--  Records of `sys_role`
-- ----------------------------
BEGIN;
INSERT INTO `sys_role` VALUES ('1', 'admin', 'admin', '超级管理员', '2', '2', '1546611602000', null), ('2', 'editor', 'editor', '产品编辑', '2', '2', '1546611602000', null), ('278449915745280', 'developer', 'developer', '开发人员', '2', null, '1560758720512', null), ('278449954793472', 'operations', 'operations', '运维人员', '2', null, '1560758758635', null), ('278450645645312', 'tenantAdmin', 'tenantAdmin', '租户管理员', '2', null, '1560759433295', null), ('3', 'auditor', 'auditor', '审核员', '2', '2', '1546611602000', null);
COMMIT;

-- ----------------------------
--  Table structure for `sys_role_resource`
-- ----------------------------
DROP TABLE IF EXISTS `sys_role_resource`;
CREATE TABLE `sys_role_resource` (
  `role_resource_id` varchar(19) COLLATE utf8_bin NOT NULL COMMENT '??????ID',
  `resource_id` varchar(19) COLLATE utf8_bin DEFAULT NULL COMMENT ' ??ID',
  `role_id` varchar(19) COLLATE utf8_bin DEFAULT NULL COMMENT '??ID',
  PRIMARY KEY (`role_resource_id`),
  KEY `FKlquxtncq97x72r3dsbvlrpd4i` (`resource_id`),
  KEY `FKicubjaqbf5l8rqsdnrnkcc3xq` (`role_id`)
) ENGINE=InnoDB DEFAULT CHARSET=utf8 COLLATE=utf8_bin COMMENT='角色资源关系';

-- ----------------------------
--  Records of `sys_role_resource`
-- ----------------------------
BEGIN;
INSERT INTO `sys_role_resource` VALUES ('259625530728449', '101', '1'), ('259625530728450', '101001', '2'), ('3', '101001002', '3');
COMMIT;

-- ----------------------------
--  Table structure for `sys_user`
-- ----------------------------
DROP TABLE IF EXISTS `sys_user`;
CREATE TABLE `sys_user` (
  `user_id` varchar(19) COLLATE utf8_bin NOT NULL,
  `user_name` varchar(64) COLLATE utf8_bin DEFAULT NULL,
  `nick_name` varchar(64) COLLATE utf8_bin DEFAULT NULL,
  `password` varchar(255) COLLATE utf8_bin DEFAULT NULL,
  `mobile_number` varchar(15) COLLATE utf8_bin DEFAULT NULL COMMENT '手机号',
  `credentials_salt` varchar(255) COLLATE utf8_bin DEFAULT NULL,
  `gender` int(2) DEFAULT NULL COMMENT '性别(1:男,2:女,3:保密)',
  `delete_status` int(2) DEFAULT NULL COMMENT '删除标识(1:已删除,2:未删除)',
  `create_time` bigint(13) DEFAULT NULL COMMENT '创建时间',
  `tenant_id` varchar(19) COLLATE utf8_bin DEFAULT NULL COMMENT '租户id',
  `open_id` varchar(100) CHARACTER SET utf8 DEFAULT NULL COMMENT '第三方openid',
  `third_party_type` varchar(64) COLLATE utf8_bin DEFAULT NULL COMMENT '第三方类型(wechat:微信,qq:腾讯QQ,aliyay:支付宝)',
  `avatar_url` varchar(255) COLLATE utf8_bin DEFAULT NULL COMMENT '头像URL',
  PRIMARY KEY (`user_id`)
) ENGINE=InnoDB DEFAULT CHARSET=utf8 COLLATE=utf8_bin COMMENT='用户信息';

-- ----------------------------
--  Records of `sys_user`
-- ----------------------------
BEGIN;
INSERT INTO `sys_user` VALUES ('1167080261725327360', '13901010101', '13901010101', '$2a$10$6Mst/h9IoLu/V1Ib42rh/eNYr78PFnmiJYKRgiU2gqbRDjTYdvagS', '13901010101', null, null, '2', '1567088592588', '6573170129746530304', null, null, null), ('1167417043063017472', '13901010102', '13901010102', '$2a$10$cxg/gk0GIkQajLhIhF/qO.X24R3Ho4TiZxfcb7jwP.0TNrVulkqLO', '13901010102', null, null, null, '1567168887486', null, null, null, null), ('1175694234167152640', '13901010103', '13901010103', '$2a$10$mUbyhCo8hK5Ih4nv2fR/UeeeUK7UWGgFxplXrAdrJdmBxleW0KpZq', '13901010103', null, null, '2', '1569142323585', '1175755931594657792', null, null, null), ('1175765906459070464', '13901010104', '13901010104', '$2a$10$6ryXuzmDDUVUXU4K9VVlGOgzfkzXiSjSvpCBG5bcn7foLHXMw0CTG', '13901010104', null, null, '2', '1569159411554', null, null, null, null), ('1190927551032332288', '13901010105', '13901010105', '$2a$10$RveuWuiHFLXP3kAXV52kXO8n.y/vIr3oadhAmw0dNgrFpn//ov/LS', '13901010105', null, null, '2', '1572774241224', '1195681653180207104', null, null, null), ('1194989218988953600', '13901010106', '13901010106', '$2a$10$2npTkc4fNJfQit5l/AohmO/iN1PgXoPEdNHNhA.w.MloTKeqn2hZu', '13901010106', null, null, '2', '1573742606418', null, null, null, null), ('1232306922544304128', '13901010107', '13901010107', '$2a$10$z3vGU9mfOQEsp8VM7otoQeZRE5zbo1coNFfyE8l4DVFqEI4GTGFCO', '13901010107', null, null, '2', '1582639840279', null, null, null, null), ('275020377010176', 'admin', 'admin', '$2a$10$pnSR1ETL97fGle7M.87ccOdV11SrLerBJppgTpUPK7og1u0059YfC', '13888888888', '', '2', '2', '1557409561879', '0', '', '', 'http://132.232.30.39:8000/v1/filecenter/download/271569718778880');
COMMIT;

-- ----------------------------
--  Table structure for `sys_user_role`
-- ----------------------------
DROP TABLE IF EXISTS `sys_user_role`;
CREATE TABLE `sys_user_role` (
  `user_role_id` varchar(19) COLLATE utf8_bin NOT NULL COMMENT '用户角色id',
  `role_id` varchar(19) COLLATE utf8_bin DEFAULT NULL COMMENT '角色id',
  `user_id` varchar(19) COLLATE utf8_bin DEFAULT NULL COMMENT '用户id',
  PRIMARY KEY (`user_role_id`),
  KEY `FKo4jryuw2ef7sb3vedhdwddp9x` (`role_id`),
  KEY `FKp53n1gguvrlo0fy8y0f7o7cx9` (`user_id`)
) ENGINE=InnoDB DEFAULT CHARSET=utf8 COLLATE=utf8_bin COMMENT='用户角色关系';

-- ----------------------------
--  Records of `sys_user_role`
-- ----------------------------
BEGIN;
INSERT INTO `sys_user_role` VALUES ('1', '1', '259625530728448'), ('2', '1', '259625868635136'), ('3', '3', '272182553772032'), ('4', '1', '275020377010176'), ('5', '278450645645312', '274834606158848');
COMMIT;

SET FOREIGN_KEY_CHECKS = 1;
